                  epoch,         train/box_loss,         train/seg_loss,         train/cls_loss,         train/dfl_loss,   metrics/precision(B),      metrics/recall(B),       metrics/mAP50(B),    metrics/mAP50-95(B),   metrics/precision(M),      metrics/recall(M),       metrics/mAP50(M),    metrics/mAP50-95(M),           val/box_loss,           val/seg_loss,           val/cls_loss,           val/dfl_loss,                 lr/pg0,                 lr/pg1,                 lr/pg2
                      1,                0.47566,                0.82011,                 1.6293,                0.93992,                0.96436,                0.97183,                0.99138,                0.95997,                0.97853,                0.98592,                 0.9943,                0.95861,                0.27133,                 0.2819,                 1.6021,                0.86109,              0.0033103,              0.0033103,              0.0033103
                      2,                0.45139,                0.51839,                0.85895,                0.91154,                      1,                0.86706,                0.96681,                0.89025,                      1,                0.86706,                0.96681,                0.88126,                0.33758,                0.48347,                  1.013,                0.89712,              0.0066424,              0.0066424,              0.0066424
                      3,                0.52759,                0.55551,                0.75153,                0.93867,                0.78881,                0.84173,                0.88909,                0.78582,                0.91078,                0.71886,                0.77266,                0.65138,                0.45755,                 4.3795,                  1.082,                0.97095,              0.0099731,              0.0099731,              0.0099731
                      4,                0.58051,                0.67104,                0.68127,                0.96902,                      1,                0.94964,                0.96729,                0.88122,                      1,                0.94964,                0.96729,                 0.8786,                 0.4355,                0.58837,                0.61712,                0.94087,              0.0099941,              0.0099941,              0.0099941
                      5,                0.55073,                0.55465,                0.57282,                0.95312,                0.96931,                0.88962,                0.96075,                0.90005,                0.96931,                0.88962,                0.95808,                 0.8643,                0.35035,                0.82374,                0.53186,                0.89406,              0.0099941,              0.0099941,              0.0099941
                      6,                0.53901,                0.54799,                0.52946,                0.95491,                      1,                 0.9836,                0.99247,                0.94401,                      1,                 0.9836,                0.99247,                0.96203,                0.32499,                0.26299,                0.34767,                0.88904,              0.0099921,              0.0099921,              0.0099921
                      7,                0.51197,                0.51732,                0.48597,                0.94524,                      1,                0.98557,                0.99486,                0.96318,                      1,                0.98557,                0.99486,                0.96951,                0.29167,                0.29328,                0.32836,                0.86469,              0.0099901,              0.0099901,              0.0099901
                      8,                0.51543,                0.51729,                0.45864,                0.94805,                0.92734,                0.94366,                0.93917,                0.87809,                0.92734,                0.94366,                0.93917,                0.86725,                0.37539,                0.54473,                0.51623,                0.91454,              0.0099881,              0.0099881,              0.0099881
                      9,                0.49486,                 0.5378,                0.44528,                0.93421,                 0.9909,                0.98592,                0.99486,                0.97087,                 0.9909,                0.98592,                0.99486,                0.96721,                0.29639,                0.28308,                0.30763,                0.85983,              0.0099861,              0.0099861,              0.0099861
                     10,                0.48321,                0.49789,                0.41531,                 0.9317,                0.98515,                0.98592,                0.98845,                0.96148,                0.98235,                0.97183,                0.98005,                0.96651,                0.26674,                0.28277,                0.28941,                0.85919,              0.0099842,              0.0099842,              0.0099842
                     11,                0.46927,                0.45101,                0.39926,                0.92124,                 0.9843,                      1,                0.99486,                0.97707,                 0.9843,                      1,                0.99486,                 0.9837,                0.25276,                0.21131,                0.25556,                0.84005,              0.0099822,              0.0099822,              0.0099822
                     12,                0.45154,                 0.4586,                0.38749,                0.91814,                      1,                0.99852,                  0.995,                 0.9604,                      1,                0.99852,                  0.995,                0.98097,                0.30432,                0.22612,                0.26651,                0.88935,              0.0099802,              0.0099802,              0.0099802
                     13,                0.46451,                0.48259,                 0.3932,                0.92556,                0.99871,                0.98592,                0.99486,                0.96856,                0.99871,                0.98592,                0.99486,                0.98582,                0.25224,                0.24805,                0.24118,                0.83777,              0.0099782,              0.0099782,              0.0099782
                     14,                0.45049,                0.42422,                0.37335,                0.91901,                0.99769,                0.98592,                0.99486,                0.97751,                0.99769,                0.98592,                0.99486,                0.99287,                0.25224,                0.19938,                0.22551,                  0.841,              0.0099762,              0.0099762,              0.0099762
                     15,                0.43893,                0.43278,                0.36415,                0.91092,                  0.998,                0.98592,                0.99459,                0.97283,                  0.998,                0.98592,                0.99459,                0.98247,                0.24645,                0.20969,                0.24067,                0.83904,              0.0099743,              0.0099743,              0.0099743
                     16,                 0.4272,                  0.415,                0.35374,                0.90327,                0.99886,                      1,                  0.995,                0.98209,                0.99886,                      1,                  0.995,                0.99083,                0.21935,                0.17625,                0.22498,                0.83162,              0.0099723,              0.0099723,              0.0099723
                     17,                0.43502,                0.43184,                0.35592,                0.91509,                0.99483,                0.97183,                0.98547,                0.96903,                0.99483,                0.97183,                0.98547,                0.97043,                0.24355,                0.25687,                0.24374,                0.84788,              0.0099703,              0.0099703,              0.0099703
                     18,                0.42026,                0.42667,                0.34586,                  0.908,                 0.9988,                      1,                  0.995,                0.98186,                 0.9988,                      1,                  0.995,                0.98065,                0.23853,                 0.2167,                0.23784,                 0.8344,              0.0099683,              0.0099683,              0.0099683
                     19,                0.41824,                0.42913,                0.33666,                 0.9085,                 0.9992,                0.98592,                0.99486,                0.98214,                 0.9992,                0.98592,                0.99486,                0.98506,                0.21643,                0.21185,                0.19082,                 0.8274,              0.0099663,              0.0099663,              0.0099663
                     20,                0.40835,                0.39588,                0.32845,                0.89659,                0.99913,                0.98592,                 0.9921,                0.98202,                0.99913,                0.98592,                0.98739,                0.98388,                0.21386,                0.26478,                0.19647,                0.82982,              0.0099644,              0.0099644,              0.0099644
                     21,                0.40596,                0.40762,                 0.3256,                0.90001,                0.99923,                      1,                  0.995,                0.98003,                0.99923,                      1,                  0.995,                0.98201,                0.21728,                0.19847,                0.21502,                0.83661,              0.0099624,              0.0099624,              0.0099624
                     22,                0.40179,                0.39815,                0.32708,                0.90149,                 0.9991,                0.98592,                0.99366,                0.97957,                 0.9991,                0.98592,                0.99366,                0.98482,                0.21692,                 0.1855,                0.20592,                0.83328,              0.0099604,              0.0099604,              0.0099604
                     23,                0.39973,                0.40393,                0.32405,                0.89967,                0.99845,                      1,                  0.995,                0.97709,                0.99845,                      1,                  0.995,                0.98683,                0.22117,                0.17387,                0.24583,                0.82596,              0.0099584,              0.0099584,              0.0099584
                     24,                 0.3845,                0.37854,                0.31526,                0.89321,                0.99912,                      1,                  0.995,                0.98561,                0.99912,                      1,                  0.995,                0.98709,                0.21582,                0.19153,                0.20502,                0.83123,              0.0099564,              0.0099564,              0.0099564
                     25,                 0.3916,                 0.3592,                0.31803,                0.89552,                0.99916,                      1,                  0.995,                0.98003,                0.99916,                      1,                  0.995,                0.98938,                0.19446,                0.17197,                0.18125,                0.82708,              0.0099545,              0.0099545,              0.0099545
                     26,                0.39148,                0.40761,                0.32093,                0.89504,                 0.9987,                      1,                  0.995,                0.98759,                 0.9987,                      1,                  0.995,                0.99038,                0.19275,                0.17426,                0.19145,                0.82517,              0.0099525,              0.0099525,              0.0099525
                     27,                0.37927,                0.38236,                0.30401,                0.89095,                0.99895,                      1,                  0.995,                0.98339,                0.99895,                      1,                  0.995,                0.98034,                0.23335,                 0.2392,                0.20202,                0.83909,              0.0099505,              0.0099505,              0.0099505
                     28,                0.38183,                0.37273,                0.30092,                 0.8911,                0.99894,                      1,                  0.995,                0.98598,                0.99894,                      1,                  0.995,                0.98954,                0.19454,                0.16755,                0.17688,                0.82025,              0.0099485,              0.0099485,              0.0099485
                     29,                 0.3845,                0.38097,                0.31174,                0.89826,                0.99713,                      1,                  0.995,                0.97421,                0.99713,                      1,                  0.995,                0.98992,                0.22757,                0.17239,                0.18557,                0.83207,              0.0099465,              0.0099465,              0.0099465
                     30,                0.37755,                0.33894,                 0.2992,                 0.8891,                0.99724,                      1,                  0.995,                0.98551,                0.99724,                      1,                  0.995,                0.99097,                0.20387,                 0.1633,                0.15896,                0.81873,              0.0099446,              0.0099446,              0.0099446
                     31,                0.37779,                0.38603,                0.30149,                0.89299,                0.98511,                      1,                0.99486,                0.98462,                0.98511,                      1,                0.99486,                0.98861,                0.19228,                0.16789,                0.17743,                0.82097,              0.0099426,              0.0099426,              0.0099426
                     32,                0.37656,                0.38502,                0.30263,                0.89387,                0.99957,                      1,                  0.995,                0.98737,                0.99957,                      1,                  0.995,                0.98511,                0.19661,                0.21148,                0.16711,                0.82439,              0.0099406,              0.0099406,              0.0099406
                     33,                0.36967,                0.37635,                0.29469,                0.88731,                0.99906,                      1,                  0.995,                0.98849,                0.99906,                      1,                  0.995,                0.98474,                0.19264,                0.17753,                0.17855,                 0.8289,              0.0099386,              0.0099386,              0.0099386
                     34,                0.36813,                0.36016,                0.29057,                0.88674,                0.99953,                0.98592,                0.99422,                0.98529,                0.99953,                0.98592,                0.99422,                0.98808,                0.18939,                0.17448,                0.18224,                0.82215,              0.0099366,              0.0099366,              0.0099366
                     35,                0.35868,                0.35565,                 0.2816,                 0.8846,                 0.9854,                      1,                0.99472,                0.98385,                 0.9854,                      1,                0.99472,                0.98241,                0.19636,                0.19213,                0.16545,                0.82541,              0.0099347,              0.0099347,              0.0099347
                     36,                0.35801,                 0.3567,                 0.2839,                0.88392,                0.99891,                      1,                  0.995,                0.98565,                0.99891,                      1,                  0.995,                0.98908,                0.18036,                0.18044,                0.15797,                0.81649,              0.0099327,              0.0099327,              0.0099327
                     37,                0.36212,                0.36336,                0.28639,                0.88605,                0.99916,                      1,                  0.995,                0.98414,                0.99916,                      1,                  0.995,                0.98885,                0.18737,                0.19561,                0.15833,                0.81752,              0.0099307,              0.0099307,              0.0099307
                     38,                0.35118,                0.36972,                0.28355,                  0.884,                0.99912,                      1,                  0.995,                0.98884,                0.99912,                      1,                  0.995,                0.98758,                0.17329,                 0.1651,                0.18279,                0.81776,              0.0099287,              0.0099287,              0.0099287
                     39,                0.34693,                0.35078,                0.27728,                0.88044,                0.99914,                      1,                  0.995,                0.99126,                0.99914,                      1,                  0.995,                0.99286,                0.16643,                0.17871,                0.15172,                0.81785,              0.0099267,              0.0099267,              0.0099267
                     40,                0.35484,                 0.3529,                0.28139,                0.88335,                 0.9991,                      1,                  0.995,                0.99181,                 0.9991,                      1,                  0.995,                0.99161,                0.18189,                0.17208,                0.16316,                 0.8171,              0.0099248,              0.0099248,              0.0099248
                     41,                0.35172,                0.33865,                0.27728,                0.88232,                0.99914,                      1,                  0.995,                0.99429,                0.99914,                      1,                  0.995,                0.99165,                0.17651,                0.16703,                 0.1755,                0.81915,              0.0099228,              0.0099228,              0.0099228
                     42,                0.35411,                0.37699,                0.28273,                0.88515,                 0.9989,                      1,                  0.995,                0.99417,                 0.9989,                      1,                  0.995,                0.99294,                0.19869,                 0.1663,                 0.1805,                0.82699,              0.0099208,              0.0099208,              0.0099208
                     43,                 0.3529,                0.34691,                0.28285,                0.87998,                0.99921,                      1,                  0.995,                0.98932,                0.99921,                      1,                  0.995,                0.99419,                0.17221,                0.15092,                0.15806,                0.81981,              0.0099188,              0.0099188,              0.0099188
                     44,                0.34991,                0.33423,                0.27121,                 0.8797,                 0.9992,                      1,                  0.995,                0.98788,                 0.9992,                      1,                  0.995,                 0.9907,                0.18239,                0.17931,                0.17059,                 0.8174,              0.0099168,              0.0099168,              0.0099168
                     45,                0.35061,                0.37116,                0.27479,                0.88092,                 0.9857,                      1,                  0.995,                0.98691,                 0.9857,                      1,                  0.995,                0.99077,                0.17561,                0.15468,                0.20689,                0.81531,              0.0099149,              0.0099149,              0.0099149
                     46,                0.35061,                0.35489,                0.27358,                0.88361,                0.99906,                      1,                  0.995,                0.98678,                0.99906,                      1,                  0.995,                0.99011,                0.16416,                0.17433,                0.15841,                0.81322,              0.0099129,              0.0099129,              0.0099129
                     47,                0.34338,                0.35339,                0.27219,                0.87698,                 0.9992,                      1,                  0.995,                0.99056,                 0.9992,                      1,                  0.995,                0.98946,                0.17255,                0.16849,                0.14871,                0.81433,              0.0099109,              0.0099109,              0.0099109
                     48,                0.34128,                0.36516,                 0.2688,                0.87905,                0.99902,                      1,                  0.995,                0.99104,                0.99902,                      1,                  0.995,                0.99281,                0.16608,                0.16437,                 0.1368,                 0.8127,              0.0099089,              0.0099089,              0.0099089
                     49,                0.34178,                0.35088,                0.26339,                0.87409,                0.99917,                      1,                  0.995,                0.98904,                0.99917,                      1,                  0.995,                0.99068,                0.16979,                0.17482,                0.13055,                0.81655,              0.0099069,              0.0099069,              0.0099069
                     50,                 0.3348,                0.34113,                0.26084,                0.87687,                0.99918,                      1,                  0.995,                0.98643,                0.99918,                      1,                  0.995,                0.99314,                0.15565,                0.15244,                0.13568,                0.81332,               0.009905,               0.009905,               0.009905
                     51,                0.34276,                0.33804,                0.26392,                0.87551,                0.99921,                      1,                  0.995,                0.98989,                0.99921,                      1,                  0.995,                0.99092,                0.16431,                0.16248,                0.13831,                0.81152,               0.009903,               0.009903,               0.009903
                     52,                 0.3436,                0.35657,                0.26418,                0.87657,                0.99913,                      1,                  0.995,                0.99108,                0.99913,                      1,                  0.995,                0.99074,                0.15503,                0.15829,                0.13571,                0.80866,               0.009901,               0.009901,               0.009901
                     53,                 0.3277,                0.30298,                0.25602,                0.86733,                 0.9991,                      1,                  0.995,                0.99092,                 0.9991,                      1,                  0.995,                0.99424,                0.16906,                0.15029,                0.14945,                0.81625,               0.009899,               0.009899,               0.009899
                     54,                0.33108,                0.32413,                0.25638,                0.87213,                0.99882,                      1,                  0.995,                 0.9903,                0.99882,                      1,                  0.995,                0.98809,                0.15719,                0.17689,                0.14516,                0.81106,               0.009897,               0.009897,               0.009897
                     55,                0.33099,                0.34074,                0.25824,                0.87938,                0.98432,                0.97183,                0.99215,                 0.9871,                0.98432,                0.97183,                0.99215,                0.98561,                0.17424,                0.18421,                 0.1719,                0.81572,              0.0098951,              0.0098951,              0.0098951
                     56,                0.33264,                 0.3369,                0.25862,                0.87128,                0.97736,                0.98592,                0.98554,                0.97666,                0.97736,                0.98592,                 0.9871,                0.97703,                0.18254,                 0.2091,                0.24203,                0.82281,              0.0098931,              0.0098931,              0.0098931
                     57,                0.33503,                 0.3428,                0.26258,                0.87797,                0.99897,                      1,                  0.995,                0.98754,                0.99897,                      1,                  0.995,                0.99016,                0.16266,                0.16343,                0.15481,                 0.8106,              0.0098911,              0.0098911,              0.0098911
                     58,                0.32886,                0.33396,                  0.257,                0.88148,                0.99904,                      1,                  0.995,                0.98751,                0.99904,                      1,                  0.995,                0.99252,                0.16552,                0.15157,                0.13847,                0.81261,              0.0098891,              0.0098891,              0.0098891
                     59,                0.32596,                0.32738,                0.25172,                0.87299,                0.97142,                0.95732,                0.98078,                0.96239,                0.97142,                0.95732,                0.98078,                0.96018,                0.19868,                0.32349,                0.19532,                0.84159,              0.0098871,              0.0098871,              0.0098871
                     60,                0.32791,                0.31589,                0.25391,                 0.8709,                0.99916,                      1,                  0.995,                0.99216,                0.99916,                      1,                  0.995,                0.99358,                0.16454,                0.14724,                0.13543,                0.81186,              0.0098852,              0.0098852,              0.0098852
                     61,                0.32613,                0.32444,                0.25068,                0.87149,                0.99883,                      1,                  0.995,                0.98672,                0.99883,                      1,                  0.995,                  0.995,                0.16967,                 0.1632,                0.14147,                0.81294,              0.0098832,              0.0098832,              0.0098832
                     62,                0.32501,                0.33301,                0.24906,                0.87433,                0.99922,                      1,                  0.995,                0.99312,                0.99922,                      1,                  0.995,                0.99326,                0.14104,                0.14447,                0.11861,                0.80777,              0.0098812,              0.0098812,              0.0098812
                     63,                0.32535,                  0.327,                0.24732,                0.87273,                0.99834,                      1,                  0.995,                0.99288,                0.99834,                      1,                  0.995,                0.99437,                0.15653,                0.14991,                0.14648,                 0.8119,              0.0098792,              0.0098792,              0.0098792
                     64,                0.31759,                0.31057,                0.24581,                 0.8755,                0.99918,                      1,                  0.995,                0.98746,                0.99918,                      1,                  0.995,                0.98684,                0.15715,                0.17558,                0.15354,                0.81428,              0.0098772,              0.0098772,              0.0098772
                     65,                0.32518,                0.33218,                0.25486,                0.86907,                0.99905,                      1,                  0.995,                0.98753,                0.99905,                      1,                  0.995,                0.99054,                0.18746,                0.14712,                0.16283,                  0.826,              0.0098753,              0.0098753,              0.0098753
                     66,                0.31754,                0.32944,                0.25097,                0.87104,                0.99914,                      1,                  0.995,                 0.9928,                0.99914,                      1,                  0.995,                0.99179,                0.16688,                0.16168,                0.14468,                0.81336,              0.0098733,              0.0098733,              0.0098733
                     67,                0.31474,                0.30399,                0.24582,                 0.8685,                0.99902,                      1,                  0.995,                0.98901,                0.99902,                      1,                  0.995,                 0.9936,                0.16564,                0.15174,                 0.1352,                0.81299,              0.0098713,              0.0098713,              0.0098713
                     68,                0.32425,                0.32746,                 0.2514,                0.87337,                0.99915,                      1,                  0.995,                0.99223,                0.99915,                      1,                  0.995,                0.98896,                0.16126,                0.17142,                0.13493,                0.81265,              0.0098693,              0.0098693,              0.0098693
                     69,                0.31818,                0.31804,                0.24081,                 0.8714,                0.99843,                      1,                  0.995,                0.99147,                0.99843,                      1,                  0.995,                0.98911,                0.16166,                0.15239,                 0.1396,                0.81157,              0.0098673,              0.0098673,              0.0098673
                     70,                0.31439,                0.30506,                0.24561,                0.87044,                0.99918,                      1,                  0.995,                0.99272,                0.99918,                      1,                  0.995,                0.99385,                0.15822,                0.15229,                0.14555,                0.81245,              0.0098654,              0.0098654,              0.0098654
                     71,                0.31476,                0.31561,                0.24223,                0.86913,                0.99917,                      1,                  0.995,                0.99359,                0.99917,                      1,                  0.995,                0.99446,                0.14856,                0.14192,                0.12426,                0.80801,              0.0098634,              0.0098634,              0.0098634
                     72,                0.31566,                0.30874,                0.24158,                0.86968,                0.99888,                      1,                  0.995,                0.99242,                0.99888,                      1,                  0.995,                0.99347,                0.14909,                0.14292,                0.13092,                0.80819,              0.0098614,              0.0098614,              0.0098614
                     73,                0.31142,                0.31158,                0.24066,                0.86937,                0.99914,                      1,                  0.995,                0.99299,                0.99914,                      1,                  0.995,                0.99149,                0.15737,                0.15384,                0.12625,                0.80694,              0.0098594,              0.0098594,              0.0098594
                     74,                0.31864,                 0.3124,                0.24448,                 0.8685,                0.99914,                      1,                  0.995,                0.98818,                0.99914,                      1,                  0.995,                0.99186,                0.15814,                0.16463,                0.12647,                0.80981,              0.0098574,              0.0098574,              0.0098574
                     75,                0.31225,                0.30558,                0.23426,                0.86812,                0.99922,                      1,                  0.995,                0.98955,                0.99922,                      1,                  0.995,                0.99144,                0.16487,                0.15559,                0.13655,                0.81261,              0.0098555,              0.0098555,              0.0098555
                     76,                0.30814,                0.29815,                0.24019,                0.86345,                0.99899,                      1,                  0.995,                0.99437,                0.99899,                      1,                  0.995,                0.99397,                 0.1492,                0.14512,                0.12675,                0.80939,              0.0098535,              0.0098535,              0.0098535
                     77,                0.30859,                0.31142,                0.23857,                0.86543,                0.99919,                      1,                  0.995,                0.99321,                0.99919,                      1,                  0.995,                0.99246,                0.14803,                0.16502,                0.12628,                 0.8081,              0.0098515,              0.0098515,              0.0098515
                     78,                0.31102,                0.32009,                0.24038,                0.86829,                0.99833,                      1,                  0.995,                0.98727,                0.99833,                      1,                  0.995,                0.98958,                0.16386,                0.17071,                0.16061,                0.81109,              0.0098495,              0.0098495,              0.0098495
                     79,                0.30926,                0.32842,                0.24135,                0.86579,                0.99921,                      1,                  0.995,                0.99361,                0.99921,                      1,                  0.995,                0.99436,                0.15643,                0.13654,                  0.132,                0.80901,              0.0098475,              0.0098475,              0.0098475
                     80,                0.30763,                0.31146,                0.23926,                0.86707,                0.99936,                      1,                  0.995,                0.99325,                0.99936,                      1,                  0.995,                0.99193,                0.14767,                 0.1453,                0.13531,                0.80744,              0.0098456,              0.0098456,              0.0098456
                     81,                0.31654,                0.32377,                 0.2439,                0.86821,                0.99855,                      1,                  0.995,                0.98934,                0.99855,                      1,                  0.995,                 0.9876,                0.16832,                 0.1658,                0.15272,                0.81444,              0.0098436,              0.0098436,              0.0098436
                     82,                0.31043,                0.30233,                0.23682,                0.86909,                0.99924,                      1,                  0.995,                0.99324,                0.99924,                      1,                  0.995,                0.99406,                0.14654,                0.14836,                0.13313,                0.80897,              0.0098416,              0.0098416,              0.0098416
                     83,                0.30216,                 0.3169,                0.23482,                0.86387,                0.99921,                      1,                  0.995,                0.98999,                0.99921,                      1,                  0.995,                0.99325,                0.15121,                0.15839,                0.14806,                0.81183,              0.0098396,              0.0098396,              0.0098396
                     84,                0.30315,                0.29814,                0.23587,                 0.8682,                0.99891,                      1,                  0.995,                0.99174,                0.99891,                      1,                  0.995,                0.99313,                0.14991,                 0.1482,                0.13865,                0.80608,              0.0098376,              0.0098376,              0.0098376
                     85,                0.30962,                0.31162,                0.23915,                0.86575,                0.99991,                      1,                  0.995,                0.99345,                0.99991,                      1,                  0.995,                0.99425,                0.13852,                0.14909,                0.13236,                0.80551,              0.0098357,              0.0098357,              0.0098357
                     86,                 0.3021,                0.30484,                0.23389,                0.86354,                0.99864,                      1,                  0.995,                0.99013,                0.99864,                      1,                  0.995,                0.99335,                0.15912,                0.14971,                0.13653,                0.81133,              0.0098337,              0.0098337,              0.0098337
                     87,                0.30359,                0.31499,                0.23287,                0.86654,                0.99915,                      1,                  0.995,                 0.9905,                0.99915,                      1,                  0.995,                0.99419,                0.15241,                0.15479,                0.13378,                 0.8075,              0.0098317,              0.0098317,              0.0098317
                     88,                0.30698,                0.31158,                0.23546,                0.86911,                0.99911,                      1,                  0.995,                0.99167,                0.99911,                      1,                  0.995,                0.99438,                 0.1501,                0.15615,                0.11963,                0.80701,              0.0098297,              0.0098297,              0.0098297
                     89,                0.30508,                0.30202,                0.23486,                0.86752,                0.99923,                      1,                  0.995,                0.99135,                0.99923,                      1,                  0.995,                0.99274,                0.15337,                0.15426,                 0.1376,                0.80708,              0.0098277,              0.0098277,              0.0098277
                     90,                0.29822,                0.29713,                0.23302,                0.86483,                0.99921,                      1,                  0.995,                0.99345,                0.99921,                      1,                  0.995,                  0.995,                0.13906,                0.13632,                0.12196,                0.80393,              0.0098258,              0.0098258,              0.0098258
                     91,                0.30825,                0.31244,                0.23885,                0.86639,                0.99384,                      1,                  0.995,                0.99137,                0.99384,                      1,                  0.995,                0.99072,                0.15417,                0.17403,                0.14201,                0.81096,              0.0098238,              0.0098238,              0.0098238
                     92,                0.30075,                0.31169,                0.23098,                0.86574,                0.99898,                      1,                  0.995,                0.99341,                0.99898,                      1,                  0.995,                 0.9921,                0.15124,                0.14999,                0.11943,                 0.8064,              0.0098218,              0.0098218,              0.0098218
                     93,                0.30447,                 0.3032,                0.23533,                0.86616,                0.99919,                      1,                  0.995,                0.99357,                0.99919,                      1,                  0.995,                0.99336,                  0.145,                0.15696,                0.12196,                0.80851,              0.0098198,              0.0098198,              0.0098198
                     94,                0.29829,                0.30213,                0.23093,                0.86513,                0.99924,                      1,                  0.995,                0.99456,                0.99924,                      1,                  0.995,                0.99261,                0.13564,                0.15408,                  0.117,                0.80357,              0.0098178,              0.0098178,              0.0098178
                     95,                0.29901,                0.30087,                0.22741,                0.86202,                0.99919,                      1,                  0.995,                0.99228,                0.99919,                      1,                  0.995,                0.99375,                0.13924,                0.14179,                0.12376,                0.80464,              0.0098159,              0.0098159,              0.0098159
                     96,                0.30064,                0.30005,                0.22995,                0.86572,                0.99855,                      1,                  0.995,                0.98821,                0.99855,                      1,                  0.995,                0.99032,                0.14223,                0.14919,                0.12942,                0.80311,              0.0098139,              0.0098139,              0.0098139
                     97,                 0.2931,                0.29897,                0.22729,                0.86131,                0.99922,                      1,                  0.995,                0.98813,                0.99922,                      1,                  0.995,                0.99331,                0.14811,                0.14056,                0.12111,                0.80861,              0.0098119,              0.0098119,              0.0098119
                     98,                0.29901,                0.28155,                0.22747,                0.86378,                0.99922,                      1,                  0.995,                0.99452,                0.99922,                      1,                  0.995,                0.99451,                0.14361,                0.14363,                0.12587,                0.80498,              0.0098099,              0.0098099,              0.0098099
                     99,                0.29156,                0.28019,                0.22462,                0.86239,                0.99921,                      1,                  0.995,                0.99368,                0.99921,                      1,                  0.995,                 0.9905,                0.14549,                0.14917,                0.11799,                0.80714,              0.0098079,              0.0098079,              0.0098079
                    100,                0.29246,                0.29121,                0.22266,                0.86097,                0.99919,                      1,                  0.995,                0.99319,                0.99919,                      1,                  0.995,                0.99426,                0.13148,                0.14315,                0.11128,                0.80381,               0.009806,               0.009806,               0.009806
                    101,                0.29399,                0.31065,                0.22314,                0.86529,                 0.9991,                      1,                  0.995,                0.99018,                 0.9991,                      1,                  0.995,                0.99435,                0.13865,                0.14776,                0.12559,                0.80551,               0.009804,               0.009804,               0.009804
                    102,                 0.2969,                0.29449,                0.22616,                0.86297,                0.99907,                      1,                  0.995,                0.99362,                0.99907,                      1,                  0.995,                0.99336,                0.14225,                0.14536,                0.12157,                0.80493,               0.009802,               0.009802,               0.009802
                    103,                 0.2888,                0.28264,                0.22397,                0.85824,                0.99904,                      1,                  0.995,                0.99036,                0.99904,                      1,                  0.995,                0.99308,                0.14485,                0.14852,                0.13042,                0.80557,                 0.0098,                 0.0098,                 0.0098
                    104,                0.29611,                0.29415,                0.23223,                0.86306,                      1,                      1,                  0.995,                0.98471,                      1,                      1,                  0.995,                0.99084,                0.14521,                0.16949,                0.12767,                0.81017,               0.009798,               0.009798,               0.009798
                    105,                0.29758,                0.31616,                0.22694,                0.86718,                0.99922,                      1,                  0.995,                 0.9913,                0.99922,                      1,                  0.995,                0.99431,                0.14539,                0.14823,                0.12232,                0.80542,              0.0097961,              0.0097961,              0.0097961
                    106,                0.29501,                0.30721,                0.22677,                0.86285,                0.99921,                      1,                  0.995,                0.99132,                0.99921,                      1,                  0.995,                0.99448,                0.13799,                0.14354,                0.12395,                0.80643,              0.0097941,              0.0097941,              0.0097941
                    107,                0.29366,                0.28399,                0.22347,                0.86163,                0.99917,                      1,                  0.995,                0.99327,                0.99917,                      1,                  0.995,                0.99338,                0.13483,                0.14688,                0.11965,                0.80478,              0.0097921,              0.0097921,              0.0097921
                    108,                0.29257,                0.29075,                0.22268,                0.85906,                0.99922,                      1,                  0.995,                0.99258,                0.99922,                      1,                  0.995,                0.99351,                0.12918,                0.14235,                0.11666,                0.80331,              0.0097901,              0.0097901,              0.0097901
                    109,                 0.2911,                0.29029,                0.22258,                0.86289,                0.99905,                      1,                  0.995,                0.99093,                0.99905,                      1,                  0.995,                0.99318,                0.13467,                0.14791,                0.11412,                0.80414,              0.0097881,              0.0097881,              0.0097881
                    110,                0.28888,                0.27875,                0.22226,                0.85934,                0.99899,                      1,                  0.995,                0.99088,                0.99899,                      1,                  0.995,                0.99337,                0.12998,                0.14617,                0.10377,                0.80033,              0.0097862,              0.0097862,              0.0097862
                    111,                0.28534,                0.29161,                0.22394,                0.85885,                0.99911,                      1,                  0.995,                0.99373,                0.99911,                      1,                  0.995,                0.99179,                0.13257,                0.13831,                0.11312,                0.80367,              0.0097842,              0.0097842,              0.0097842
                    112,                0.28737,                0.29945,                0.22297,                 0.8646,                 0.9991,                      1,                  0.995,                0.98994,                 0.9991,                      1,                  0.995,                0.99184,                0.13775,                0.14273,                0.11444,                0.80478,              0.0097822,              0.0097822,              0.0097822
                    113,                0.28993,                0.28839,                0.22183,                0.86543,                0.99921,                      1,                  0.995,                0.99326,                0.99921,                      1,                  0.995,                0.99432,                 0.1363,                0.14016,                0.12206,                0.80587,              0.0097802,              0.0097802,              0.0097802
                    114,                0.28956,                0.29913,                0.21967,                0.86133,                0.99926,                      1,                  0.995,                0.99156,                0.99926,                      1,                  0.995,                0.99447,                 0.1277,                0.13836,                0.10952,                0.80248,              0.0097782,              0.0097782,              0.0097782
                    115,                0.28696,                0.28694,                0.21619,                0.85815,                      1,                0.99968,                  0.995,                0.99118,                      1,                0.99968,                  0.995,                0.99342,                 0.1285,                 0.1523,                0.11631,                0.80261,              0.0097763,              0.0097763,              0.0097763
                    116,                 0.2885,                0.30789,                 0.2161,                0.85905,                0.99864,                      1,                  0.995,                0.99318,                0.99864,                      1,                  0.995,                0.99321,                 0.1239,                0.14271,                0.10897,                0.80042,              0.0097743,              0.0097743,              0.0097743
                    117,                0.28619,                0.30479,                0.22364,                0.86235,                0.99859,                      1,                  0.995,                0.99418,                0.99859,                      1,                  0.995,                  0.995,                0.13861,                0.14618,                0.12894,                0.80788,              0.0097723,              0.0097723,              0.0097723
                    118,                0.29231,                0.29469,                0.22625,                0.86281,                0.99897,                      1,                  0.995,                0.99157,                0.99897,                      1,                  0.995,                0.99165,                0.14401,                0.14706,                0.11989,                0.80603,              0.0097703,              0.0097703,              0.0097703
                    119,                0.28945,                0.29613,                0.22541,                0.85975,                 0.9993,                      1,                  0.995,                0.99055,                 0.9993,                      1,                  0.995,                0.99055,                0.13863,                 0.1425,                0.11892,                0.80658,              0.0097683,              0.0097683,              0.0097683
                    120,                0.29169,                0.28975,                0.22109,                0.86505,                0.99921,                      1,                  0.995,                0.99202,                0.99921,                      1,                  0.995,                0.99006,                0.13525,                0.15146,                0.11758,                0.80467,              0.0097664,              0.0097664,              0.0097664
                    121,                0.29512,                0.30116,                0.22289,                0.85941,                0.99921,                      1,                  0.995,                0.99161,                0.99921,                      1,                  0.995,                0.99327,                0.13695,                0.14955,                 0.1161,                0.80393,              0.0097644,              0.0097644,              0.0097644
                    122,                0.28706,                0.27959,                0.22272,                0.86131,                0.99921,                      1,                  0.995,                 0.9908,                0.99921,                      1,                  0.995,                0.99123,                0.13999,                0.16283,                0.12233,                 0.8055,              0.0097624,              0.0097624,              0.0097624
                    123,                0.28199,                0.27937,                0.21683,                0.86107,                 0.9992,                      1,                  0.995,                 0.9929,                 0.9992,                      1,                  0.995,                0.99309,                0.13592,                0.14755,                0.11117,                0.80229,              0.0097604,              0.0097604,              0.0097604
                    124,                0.29003,                0.29604,                0.22232,                0.85999,                 0.9992,                      1,                  0.995,                0.99251,                 0.9992,                      1,                  0.995,                 0.9936,                 0.1345,                0.14262,                0.11642,                0.80275,              0.0097584,              0.0097584,              0.0097584
                    125,                0.28449,                 0.2955,                0.22008,                0.85787,                0.99928,                      1,                  0.995,                0.99139,                0.99928,                      1,                  0.995,                0.99172,                 0.1394,                0.15524,                0.11316,                0.80733,              0.0097565,              0.0097565,              0.0097565
                    126,                0.29213,                0.29671,                0.22422,                 0.8659,                0.99999,                      1,                  0.995,                0.99145,                0.99999,                      1,                  0.995,                 0.9898,                 0.1447,                0.15636,                0.11585,                0.80521,              0.0097545,              0.0097545,              0.0097545
                    127,                0.28244,                0.29027,                0.21564,                0.85969,                0.99919,                      1,                  0.995,                0.99375,                0.99919,                      1,                  0.995,                0.99355,                0.13034,                0.14541,                0.11254,                0.80312,              0.0097525,              0.0097525,              0.0097525
                    128,                0.28842,                0.28414,                0.21796,                0.86469,                0.99914,                      1,                  0.995,                0.99178,                0.99914,                      1,                  0.995,                0.99438,                0.13084,                0.14348,                0.11197,                0.80308,              0.0097505,              0.0097505,              0.0097505
                    129,                0.29112,                 0.2714,                0.22386,                0.85893,                0.99917,                      1,                  0.995,                0.99172,                0.99917,                      1,                  0.995,                0.99437,                0.13479,                0.14475,                0.11213,                0.80309,              0.0097485,              0.0097485,              0.0097485
                    130,                 0.2865,                0.29125,                0.21673,                0.85973,                0.99913,                      1,                  0.995,                0.99357,                0.99913,                      1,                  0.995,                0.99451,                0.13893,                 0.1456,                0.10768,                0.80324,              0.0097466,              0.0097466,              0.0097466
                    131,                 0.2897,                0.26948,                0.21781,                0.85954,                0.99918,                      1,                  0.995,                0.99373,                0.99918,                      1,                  0.995,                0.99345,                0.12244,                0.14566,                0.11538,                0.80304,              0.0097446,              0.0097446,              0.0097446
                    132,                0.28576,                0.29005,                0.22061,                0.85769,                0.99916,                      1,                  0.995,                0.99342,                0.99916,                      1,                  0.995,                0.99398,                0.13363,                0.14774,                0.11774,                0.80247,              0.0097426,              0.0097426,              0.0097426
                    133,                0.27946,                0.28851,                0.21833,                0.86022,                0.99919,                      1,                  0.995,                  0.994,                0.99919,                      1,                  0.995,                0.99245,                0.13377,                0.13906,                0.10287,                0.80392,              0.0097406,              0.0097406,              0.0097406
                    134,                0.28221,                0.28624,                0.21638,                 0.8623,                0.99873,                      1,                  0.995,                0.99186,                0.99873,                      1,                  0.995,                0.99361,                0.13099,                0.14721,                0.10246,                0.80359,              0.0097386,              0.0097386,              0.0097386
                    135,                0.28163,                0.26981,                0.21194,                0.85734,                0.99912,                      1,                  0.995,                0.99379,                0.99912,                      1,                  0.995,                  0.995,                0.13909,                0.14549,                 0.1205,                0.80542,              0.0097367,              0.0097367,              0.0097367
                    136,                0.28153,                0.27138,                0.21816,                0.86238,                0.99922,                      1,                  0.995,                0.99194,                0.99922,                      1,                  0.995,                0.99456,                0.12752,                0.13593,                0.11263,                0.80263,              0.0097347,              0.0097347,              0.0097347
                    137,                0.28525,                0.28255,                0.21739,                 0.8589,                0.99907,                      1,                  0.995,                 0.9927,                0.99907,                      1,                  0.995,                0.99346,                0.12737,                0.13751,                 0.1129,                0.80099,              0.0097327,              0.0097327,              0.0097327
                    138,                0.27939,                0.27622,                0.21336,                0.85496,                0.99919,                      1,                  0.995,                0.99223,                0.99919,                      1,                  0.995,                0.99353,                0.12934,                0.14165,                0.10825,                0.80217,              0.0097307,              0.0097307,              0.0097307
                    139,                0.28014,                0.27185,                0.21061,                0.85552,                0.99914,                      1,                  0.995,                0.99333,                0.99914,                      1,                  0.995,                0.99319,                0.13356,                0.14152,                0.10608,                0.80305,              0.0097287,              0.0097287,              0.0097287
                    140,                0.28249,                 0.2638,                0.21238,                0.85425,                0.99902,                      1,                  0.995,                0.99333,                0.99902,                      1,                  0.995,                0.99162,                0.12495,                0.14073,                0.11073,                0.80205,              0.0097268,              0.0097268,              0.0097268
                    141,                0.27553,                0.26766,                0.20651,                0.85772,                0.99923,                      1,                  0.995,                0.99199,                0.99923,                      1,                  0.995,                0.99174,                0.12797,                0.14338,                0.11081,                0.80264,              0.0097248,              0.0097248,              0.0097248
                    142,                0.27316,                0.27747,                0.20646,                0.85535,                 0.9992,                      1,                  0.995,                0.99358,                 0.9992,                      1,                  0.995,                0.99439,                0.12263,                0.14348,                0.11019,                0.80102,              0.0097228,              0.0097228,              0.0097228
                    143,                0.27928,                0.27696,                0.20894,                0.85947,                0.99924,                      1,                  0.995,                0.98988,                0.99924,                      1,                  0.995,                  0.995,                0.14049,                0.13078,                0.10723,                0.80403,              0.0097208,              0.0097208,              0.0097208
                    144,                0.27401,                0.28097,                0.20572,                0.85675,                0.99924,                      1,                  0.995,                0.99199,                0.99924,                      1,                  0.995,                0.99376,                0.12412,                0.13605,                0.09953,                0.80178,              0.0097188,              0.0097188,              0.0097188
                    145,                0.27973,                0.29083,                0.21407,                0.86182,                0.99924,                      1,                  0.995,                 0.9937,                0.99924,                      1,                  0.995,                0.99441,                0.13036,                0.13931,                 0.1017,                0.80222,              0.0097169,              0.0097169,              0.0097169
                    146,                0.27681,                 0.2845,                0.20826,                0.85888,                0.99921,                      1,                  0.995,                0.99361,                0.99921,                      1,                  0.995,                0.99239,                0.12648,                0.14402,                 0.1019,                0.80235,              0.0097149,              0.0097149,              0.0097149
                    147,                0.28127,                0.29545,                0.21258,                0.86315,                 0.9992,                      1,                  0.995,                0.99363,                 0.9992,                      1,                  0.995,                0.99367,                0.12919,                0.13379,                0.10834,                0.80277,              0.0097129,              0.0097129,              0.0097129
                    148,                0.27697,                0.28139,                 0.2102,                0.85792,                0.99918,                      1,                  0.995,                0.99145,                0.99918,                      1,                  0.995,                0.99284,                0.13413,                0.13834,                0.10204,                 0.8024,              0.0097109,              0.0097109,              0.0097109
                    149,                0.28279,                 0.2924,                0.20943,                0.86191,                0.99927,                      1,                  0.995,                 0.9946,                0.99927,                      1,                  0.995,                0.99386,                0.12632,                0.13294,                0.10129,                 0.8017,              0.0097089,              0.0097089,              0.0097089
                    150,                0.27944,                0.29268,                0.21223,                0.85861,                0.99918,                      1,                  0.995,                  0.995,                0.99918,                      1,                  0.995,                0.99437,                0.12483,                0.13369,                0.10207,                 0.8019,               0.009707,               0.009707,               0.009707
                    151,                0.27626,                0.28536,                 0.2097,                0.85752,                0.99918,                      1,                  0.995,                0.99342,                0.99918,                      1,                  0.995,                0.99364,                0.12876,                0.13573,                0.10535,                0.80178,               0.009705,               0.009705,               0.009705
                    152,                  0.277,                  0.288,                0.20809,                0.86008,                0.99923,                      1,                  0.995,                0.99349,                0.99923,                      1,                  0.995,                0.99443,                0.12345,                 0.1345,                0.09448,                0.80139,               0.009703,               0.009703,               0.009703
                    153,                0.28538,                0.29855,                0.21468,                 0.8588,                0.99927,                      1,                  0.995,                0.99436,                0.99927,                      1,                  0.995,                0.99447,                0.12026,                0.13555,                 0.0974,                0.80044,               0.009701,               0.009701,               0.009701
                    154,                0.27585,                0.27808,                0.20469,                0.85642,                 0.9992,                      1,                  0.995,                0.99375,                 0.9992,                      1,                  0.995,                0.99145,                0.11844,                0.14215,                0.10175,                0.79969,               0.009699,               0.009699,               0.009699
                    155,                0.27087,                0.27972,                0.20581,                0.85489,                0.99922,                      1,                  0.995,                  0.995,                0.99922,                      1,                  0.995,                0.99368,                0.12392,                0.13228,                 0.1123,                 0.8019,              0.0096971,              0.0096971,              0.0096971
                    156,                0.27838,                0.28391,                0.21302,                0.86138,                0.99918,                      1,                  0.995,                 0.9937,                0.99918,                      1,                  0.995,                0.99436,                0.13267,                0.13705,                0.09974,                0.80306,              0.0096951,              0.0096951,              0.0096951
                    157,                0.27906,                0.29781,                0.20858,                0.86131,                0.99921,                      1,                  0.995,                0.99368,                0.99921,                      1,                  0.995,                0.99356,                0.12196,                0.13567,                0.09244,                 0.8011,              0.0096931,              0.0096931,              0.0096931
                    158,                0.27086,                0.26484,                0.20839,                 0.8565,                0.99922,                      1,                  0.995,                0.99331,                0.99922,                      1,                  0.995,                0.99437,                 0.1201,                0.13283,                0.09842,                  0.801,              0.0096911,              0.0096911,              0.0096911
                    159,                0.27055,                0.27603,                0.20724,                0.85822,                0.99919,                      1,                  0.995,                0.99226,                0.99919,                      1,                  0.995,                0.99358,                0.12758,                0.13695,                0.10541,                 0.8004,              0.0096891,              0.0096891,              0.0096891
                    160,                0.26786,                0.27502,                0.20022,                0.85117,                0.99919,                      1,                  0.995,                0.99144,                0.99919,                      1,                  0.995,                0.99229,                0.12207,                0.13755,                0.10053,                0.80089,              0.0096872,              0.0096872,              0.0096872
                    161,                0.26855,                  0.279,                0.20287,                 0.8529,                0.99921,                      1,                  0.995,                 0.9921,                0.99921,                      1,                  0.995,                0.99254,                0.13152,                0.13832,                0.10114,                0.80341,              0.0096852,              0.0096852,              0.0096852
                    162,                0.27453,                0.26615,                0.21049,                 0.8579,                0.99926,                      1,                  0.995,                0.99143,                0.99926,                      1,                  0.995,                 0.9927,                0.12183,                0.13827,                0.10465,                 0.8026,              0.0096832,              0.0096832,              0.0096832
                    163,                0.27249,                0.27583,                0.20847,                 0.8615,                0.99922,                      1,                  0.995,                0.99079,                0.99922,                      1,                  0.995,                0.99216,                0.12679,                0.13639,                0.09453,                0.80234,              0.0096812,              0.0096812,              0.0096812
                    164,                0.27288,                0.28322,                0.20887,                0.85879,                 0.9992,                      1,                  0.995,                0.99196,                 0.9992,                      1,                  0.995,                0.99204,                0.12408,                0.13202,                0.10385,                0.80226,              0.0096792,              0.0096792,              0.0096792
                    165,                  0.271,                0.26584,                0.20819,                0.85581,                0.99923,                      1,                  0.995,                0.99353,                0.99923,                      1,                  0.995,                0.99228,                0.12193,                0.14085,                  0.107,                0.80029,              0.0096773,              0.0096773,              0.0096773
                    166,                0.27297,                0.26793,                0.20828,                0.85853,                0.99926,                      1,                  0.995,                0.99198,                0.99926,                      1,                  0.995,                0.99371,                0.12968,                0.14064,                0.11484,                0.80124,              0.0096753,              0.0096753,              0.0096753
                    167,                0.27108,                0.27602,                0.21037,                0.85443,                0.99923,                      1,                  0.995,                 0.9912,                0.99923,                      1,                  0.995,                0.99372,                0.12914,                0.13662,                0.10471,                0.80109,              0.0096733,              0.0096733,              0.0096733
                    168,                 0.2838,                 0.2927,                0.21684,                0.85876,                0.99924,                      1,                  0.995,                0.99051,                0.99924,                      1,                  0.995,                0.99487,                0.12872,                0.13801,                0.10553,                0.80189,              0.0096713,              0.0096713,              0.0096713
                    169,                0.27536,                0.29009,                0.21087,                0.85768,                0.99922,                      1,                  0.995,                0.99347,                0.99922,                      1,                  0.995,                0.99368,                0.12633,                0.13778,                0.10625,                0.80184,              0.0096693,              0.0096693,              0.0096693
                    170,                0.27268,                0.26836,                0.20607,                0.85942,                0.99924,                      1,                  0.995,                0.99134,                0.99924,                      1,                  0.995,                0.99353,                0.12319,                0.13722,                0.10839,                0.79965,              0.0096674,              0.0096674,              0.0096674
                    171,                0.26778,                0.25852,                0.20119,                0.85766,                0.99004,                0.98592,                0.99486,                0.99127,                0.99004,                0.98592,                0.99486,                0.99328,                0.11483,                 0.1423,                0.09722,                0.80117,              0.0096654,              0.0096654,              0.0096654
                    172,                0.26864,                0.25723,                0.20328,                0.85405,                0.99923,                      1,                  0.995,                0.99249,                0.99923,                      1,                  0.995,                0.99446,                0.12371,                0.13612,                0.10281,                0.80223,              0.0096634,              0.0096634,              0.0096634
                    173,                0.26805,                0.25957,                0.20477,                0.85374,                0.99926,                      1,                  0.995,                0.99374,                0.99926,                      1,                  0.995,                0.99392,                0.11862,                0.13486,                0.09395,                0.80259,              0.0096614,              0.0096614,              0.0096614
                    174,                0.27262,                0.28481,                0.20717,                0.85725,                0.99927,                      1,                  0.995,                0.99283,                0.99927,                      1,                  0.995,                0.99463,                0.12316,                0.13668,                0.10232,                0.80283,              0.0096594,              0.0096594,              0.0096594
                    175,                0.27034,                0.26792,                0.20995,                0.85488,                0.99922,                      1,                  0.995,                0.99277,                0.99922,                      1,                  0.995,                0.99449,                0.12192,                0.13282,                0.09494,                0.80108,              0.0096575,              0.0096575,              0.0096575
                    176,                0.27248,                0.27576,                 0.2057,                 0.8502,                0.99924,                      1,                  0.995,                 0.9929,                0.99924,                      1,                  0.995,                0.99454,                0.12722,                0.13473,                0.10408,                0.80141,              0.0096555,              0.0096555,              0.0096555
                    177,                0.26852,                0.27899,                0.20064,                0.85738,                0.99923,                      1,                  0.995,                0.99376,                0.99923,                      1,                  0.995,                0.99385,                0.12903,                0.13461,                0.10135,                0.80226,              0.0096535,              0.0096535,              0.0096535
                    178,                0.27086,                0.27188,                0.20334,                0.85535,                0.99925,                      1,                  0.995,                0.99364,                0.99925,                      1,                  0.995,                0.99454,                0.12264,                 0.1339,                0.09981,                 0.8012,              0.0096515,              0.0096515,              0.0096515
                    179,                 0.2643,                0.27567,                0.19904,                0.85495,                0.99925,                      1,                  0.995,                0.99392,                0.99925,                      1,                  0.995,                0.99388,                0.12144,                0.13498,                0.09888,                 0.8012,              0.0096495,              0.0096495,              0.0096495
                    180,                0.26835,                 0.2703,                0.20859,                0.85513,                0.99923,                      1,                  0.995,                 0.9935,                0.99923,                      1,                  0.995,                 0.9945,                0.11527,                0.13581,                0.10025,                0.80049,              0.0096476,              0.0096476,              0.0096476
                    181,                0.27083,                0.26093,                0.20454,                 0.8572,                0.99924,                      1,                  0.995,                0.99372,                0.99924,                      1,                  0.995,                0.99456,                0.11907,                0.13926,                 0.0979,                0.80001,              0.0096456,              0.0096456,              0.0096456
                    182,                0.27597,                0.28015,                0.20789,                0.85585,                0.99923,                      1,                  0.995,                0.99281,                0.99923,                      1,                  0.995,                0.99386,                 0.1211,                0.13244,                0.09744,                0.80021,              0.0096436,              0.0096436,              0.0096436
                    183,                 0.2663,                0.26465,                0.20324,                  0.853,                0.99924,                      1,                  0.995,                0.99276,                0.99924,                      1,                  0.995,                0.99458,                0.11781,                0.12851,                0.09655,                0.79952,              0.0096416,              0.0096416,              0.0096416
                    184,                0.27226,                0.26782,                 0.2048,                0.85423,                0.99925,                      1,                  0.995,                0.99261,                0.99925,                      1,                  0.995,                0.99378,                0.12003,                0.13008,                0.09079,                 0.7996,              0.0096396,              0.0096396,              0.0096396
                    185,                 0.2731,                0.28202,                0.20724,                0.85871,                0.99923,                      1,                  0.995,                0.99178,                0.99923,                      1,                  0.995,                0.99375,                0.12132,                0.13429,                0.09374,                0.80041,              0.0096377,              0.0096377,              0.0096377
                    186,                0.26325,                0.26755,                0.19942,                0.85442,                0.99924,                      1,                  0.995,                 0.9927,                0.99924,                      1,                  0.995,                0.99383,                 0.1225,                 0.1354,                0.10376,                0.80258,              0.0096357,              0.0096357,              0.0096357
                    187,                0.26572,                0.26455,                0.20175,                0.85481,                0.99922,                      1,                  0.995,                0.99251,                0.99922,                      1,                  0.995,                0.99374,                0.12574,                0.13931,                0.10546,                0.80326,              0.0096337,              0.0096337,              0.0096337
                    188,                0.26818,                0.26128,                0.20687,                0.85833,                0.99922,                      1,                  0.995,                0.99268,                0.99922,                      1,                  0.995,                0.99374,                0.11957,                0.13815,                0.10285,                 0.8013,              0.0096317,              0.0096317,              0.0096317
                    189,                0.27632,                0.27716,                0.21008,                0.85912,                0.99919,                      1,                  0.995,                0.99289,                0.99919,                      1,                  0.995,                 0.9929,                0.11817,                0.13542,                 0.0954,                0.80076,              0.0096297,              0.0096297,              0.0096297
                    190,                0.26147,                0.26513,                0.19799,                0.85101,                0.99921,                      1,                  0.995,                0.99292,                0.99921,                      1,                  0.995,                0.99384,                0.11929,                0.13343,                0.09494,                0.79973,              0.0096278,              0.0096278,              0.0096278
                    191,                0.26603,                0.26537,                0.20086,                0.85313,                0.99921,                      1,                  0.995,                0.99363,                0.99921,                      1,                  0.995,                 0.9949,                0.11594,                0.13156,                0.09505,                0.79896,              0.0096258,              0.0096258,              0.0096258
                    192,                0.26995,                0.28288,                0.20414,                0.85995,                0.99923,                      1,                  0.995,                0.99363,                0.99923,                      1,                  0.995,                0.99449,                0.11703,                0.13301,                 0.0983,                0.79892,              0.0096238,              0.0096238,              0.0096238
                    193,                0.27372,                0.27567,                0.20395,                0.85597,                0.99923,                      1,                  0.995,                0.99378,                0.99923,                      1,                  0.995,                0.99454,                0.12107,                0.13324,                0.09631,                0.79845,              0.0096218,              0.0096218,              0.0096218
                    194,                0.26194,                0.25761,                0.19882,                0.85555,                0.99922,                      1,                  0.995,                0.99286,                0.99922,                      1,                  0.995,                0.99454,                 0.1246,                 0.1307,                0.09701,                0.80068,              0.0096198,              0.0096198,              0.0096198
                    195,                 0.2641,                0.27256,                0.20048,                 0.8552,                0.99915,                      1,                  0.995,                0.99458,                0.99915,                      1,                  0.995,                0.99352,                 0.1166,                0.14189,                0.09799,                  0.801,              0.0096179,              0.0096179,              0.0096179
                    196,                 0.2701,                0.27075,                0.20736,                0.85806,                0.99919,                      1,                  0.995,                0.99287,                0.99919,                      1,                  0.995,                0.99266,                0.12646,                0.14753,                0.10618,                0.80188,              0.0096159,              0.0096159,              0.0096159
                    197,                0.26738,                0.27257,                0.20412,                0.85432,                0.99924,                      1,                  0.995,                0.99186,                0.99924,                      1,                  0.995,                0.99349,                0.12412,                0.15117,                0.09043,                0.80009,              0.0096139,              0.0096139,              0.0096139
                    198,                0.26209,                0.27718,                0.19905,                0.85069,                0.99925,                      1,                  0.995,                0.99209,                0.99925,                      1,                  0.995,                0.99362,                0.12113,                0.13812,                0.09546,                0.80042,              0.0096119,              0.0096119,              0.0096119
                    199,                0.26875,                 0.2761,                0.19928,                0.85075,                0.99922,                      1,                  0.995,                0.99194,                0.99922,                      1,                  0.995,                0.99444,                0.11687,                0.13101,                0.08943,                0.79823,              0.0096099,              0.0096099,              0.0096099
                    200,                0.26324,                0.26168,                0.19841,                0.85443,                0.99923,                      1,                  0.995,                0.99275,                0.99923,                      1,                  0.995,                0.99451,                0.10946,                0.13219,                0.08916,                0.79761,               0.009608,               0.009608,               0.009608
